Country,Year,FLT_DEP_1,FLT_ARR_1,FLT_TOT_1,Country_WB,Country Name,GDP_pc,Population,Inbound_Per_Capita,Outbound_Per_Capita
Austria,2016,162961,163091,326052,Austria,Austria,45061.4993920192,8736668.0,0.018667414167506422,0.018652534352913492
Austria,2017,163860,164026,327886,Austria,Austria,47163.7425775142,8797566.0,0.018644475074128457,0.018625606218810976
Austria,2018,171616,171715,343331,Austria,Austria,51194.0749841299,8840521.0,0.019423628992001715,0.019412430556977354
Austria,2019,182783,182978,365761,Austria,Austria,49885.9947355204,8879920.0,0.020605816268615032,0.02058385661132082
Austria,2020,75658,75768,151426,Austria,Austria,48716.4098900349,8916864.0,0.00849715774514448,0.008484821569556293
Austria,2021,86225,86480,172705,Austria,Austria,53648.6437976214,8955797.0,0.009656315345245097,0.009627842167481018
Austria,2022,136573,136893,273466,Austria,Austria,52336.7725223758,9041851.0,0.015139930972098523,0.015104539988548805
Austria,2023,152317,152619,304936,Austria,Austria,56579.504175468,9131761.0,0.01671298668460552,0.016679915297827003
Austria,2024,158218,158505,316723,Austria,Austria,58268.8787651601,9177982.0,0.017270136289219133,0.017238865798603658
Belgium,2016,161546,161582,323128,Belgium,Belgium,41854.5498296444,11331422.0,0.014259640140487221,0.014256463134106204
Belgium,2017,168371,168357,336728,Belgium,Belgium,44035.3239358548,11375158.0,0.01480040980529677,0.014801640557432258
Belgium,2018,169861,169899,339760,Belgium,Belgium,47487.2100392561,11427054.0,0.0148681366168393,0.014864811175303801
Belgium,2019,169596,169598,339194,Belgium,Belgium,46716.6227467964,11488980.0,0.01476179782713522,0.014761623747277826
Belgium,2020,83090,83126,166216,Belgium,Belgium,45906.2875805246,11538604.0,0.007204164385917048,0.007201044424438173
Belgium,2021,104674,104706,209380,Belgium,Belgium,51658.238294958,11586195.0,0.009037134279200375,0.009034372371602584
Belgium,2022,142954,142920,285874,Belgium,Belgium,50605.7496677086,11680210.0,0.01223608137182465,0.012238992278392254
Belgium,2023,148544,148618,297162,Belgium,Belgium,55291.4754541329,11779946.0,0.012616186865372728,0.012609905002960116
Belgium,2024,155238,155315,310553,Belgium,Belgium,56614.5679499036,11858610.0,0.01309723483612329,0.01309074166365198
Bulgaria,2016,25307,25294,50601,Bulgaria,Bulgaria,7822.49923292968,6894139.0,0.003668913551061271,0.0036707992107498848
Bulgaria,2017,28382,28392,56774,Bulgaria,Bulgaria,8696.68930427924,6803468.0,0.004173165803087484,0.0041716959644698855
Bulgaria,2018,29809,29771,59580,Bulgaria,Bulgaria,9849.38397225174,6710798.0,0.004436283136521171,0.004441945652365039
Bulgaria,2019,30162,30104,60266,Bulgaria,Bulgaria,10353.7204584127,6616726.0,0.004549682123757278,0.004558447788226383
Bulgaria,2020,17510,17474,34984,Bulgaria,Bulgaria,10760.211975413,6550696.0,0.0026675028119149476,0.0026729984111611956
Bulgaria,2021,19939,19949,39888,Bulgaria,Bulgaria,12966.1457543396,6507301.0,0.0030656335091922135,0.003064096773762271
Bulgaria,2022,26491,26483,52974,Bulgaria,Bulgaria,13999.1949530956,6465097.0,0.004096303582142697,0.004097540995904625
Bulgaria,2023,29949,29948,59897,Bulgaria,Bulgaria,15853.208636704,6446596.0,0.0046455524745152325,0.004645707595140133
Bulgaria,2024,32490,32492,64982,Bulgaria,Bulgaria,17596.0173663521,6441421.0,0.005044228594901653,0.005043918104405845
Croatia,2016,20066,20057,40123,Croatia,Croatia,12820.1653893008,4106867.0,0.004883771497835211,0.004885962949372356
Croatia,2017,20860,20834,41694,Croatia,Croatia,13901.7878144679,4041407.0,0.005155135327869724,0.005161568730890009
Croatia,2018,21768,21764,43532,Croatia,Croatia,15460.3669595491,3988775.0,0.005456311774918365,0.005457314589065565
Croatia,2019,22627,22589,45216,Croatia,Croatia,15563.5987295029,3949390.0,0.0057196174599115305,0.005729239198964903
Croatia,2020,11149,11162,22311,Croatia,Croatia,14807.5608543265,3914206.0,0.0028516639134475805,0.0028483426779275286
Croatia,2021,14874,14897,29771,Croatia,Croatia,17788.7865816658,3878981.0,0.0038404416005131245,0.003834512208232007
Croatia,2022,21003,21005,42008,Croatia,Croatia,18465.5414420364,3855641.0,0.005447861976776365,0.005447343256283456
Croatia,2023,22808,22814,45622,Croatia,Croatia,22184.2279304842,3859686.0,0.00591084352457687,0.005909288993975158
Croatia,2024,24979,24973,49952,Croatia,Croatia,24050.4397933135,3866200.0,0.006459314055144587,0.006460865966582173
Cyprus,2016,35138,35170,70308,Cyprus,Cyprus,24280.056640625,1237112.0,0.028429115552997628,0.02840324885701537
Cyprus,2017,39505,39501,79006,Cyprus,Cyprus,26247.44921875,1254275.0,0.031493093619820216,0.031496282713121125
Cyprus,2018,41336,41341,82677,Cyprus,Cyprus,29120.375,1270737.0,0.03253308906563671,0.03252915434114219
Cyprus,2019,40154,40181,80335,Cyprus,Cyprus,29227.173828125,1286671.0,0.031228651302469705,0.03120766691718396
Cyprus,2020,15796,15787,31583,Cyprus,Cyprus,28130.341796875,1302247.0,0.01212289220094191,0.012129803332240351
Cyprus,2021,25810,25819,51629,Cyprus,Cyprus,32937.83984375,1317309.0,0.01959980536077716,0.01959297325077108
Cyprus,2022,35932,35923,71855,Cyprus,Cyprus,33231.04296875,1331370.0,0.026981980966973868,0.02698874092100618
Cyprus,2023,43210,43220,86430,Cyprus,Cyprus,36623.69140625,1344976.0,0.032134402398258405,0.032126967321349974
Cyprus,2024,46774,46760,93534,Cyprus,Cyprus,38674.29296875,1358282.0,0.03442584087840375,0.03443614801639129
Czech Republic,2016,74643,74788,149431,Czechia,Czechia,18753.9686718096,10566332.0,0.00707795287901232,0.007064230046907479
Czech Republic,2017,81658,81860,163518,Czechia,Czechia,20913.197632212,10594438.0,0.0077266958379481766,0.007707629229601419
Czech Republic,2018,84946,85084,170030,Czechia,Czechia,23705.9329811299,10629928.0,0.008004193443266971,0.007991211229276436
Czech Republic,2019,83288,83483,166771,Czechia,Czechia,24062.7190013343,10671870.0,0.007822715231726023,0.007804442895200185
Czech Republic,2020,30501,30704,61205,Czechia,Czechia,23472.8915454417,10697858.0,0.0028701072682026625,0.0028511315068867056
Czech Republic,2021,35437,35638,71075,Czechia,Czechia,27696.4619527544,10505772.0,0.00339223048053965,0.0033730981407173125
Czech Republic,2022,55852,56026,111878,Czechia,Czechia,28282.2236715857,10672118.0,0.005249754547316662,0.005233450379765291
Czech Republic,2023,65692,65862,131554,Czechia,Czechia,31761.5944102491,10864042.0,0.0060623845158183295,0.006046736564530955
Czech Republic,2024,74430,74577,149007,Czechia,Czechia,31823.3078290564,10905028.0,0.006838771986646893,0.006825291966237959
Denmark,2016,132849,132919,265768,Denmark,Denmark,54500.9260410217,5728010.0,0.023205092169880988,0.02319287152082486
Denmark,2017,129611,129699,259310,Denmark,Denmark,57521.5514992225,5764980.0,0.022497736332129512,0.02248247175185343
Denmark,2018,133047,133160,266207,Denmark,Denmark,61324.7665045565,5793636.0,0.022983839509420335,0.022964335350028894
Denmark,2019,131691,131743,263434,Denmark,Denmark,59404.2663247723,5814422.0,0.022657970130135034,0.022649026850820254
Denmark,2020,49097,49107,98204,Denmark,Denmark,60985.4885601514,5831404.0,0.00842112808510609,0.008419413232216462
Denmark,2021,54932,54938,109870,Denmark,Denmark,69340.7334922138,5856733.0,0.009380314929842285,0.009379290467911035
Denmark,2022,101075,101135,202210,Denmark,Denmark,67781.0940939514,5903037.0,0.017132706435687258,0.01712254217617135
Denmark,2023,113628,113705,227333,Denmark,Denmark,68043.5466971243,5946952.0,0.019119878552912483,0.019106930743681805
Denmark,2024,120318,120358,240676,Denmark,Denmark,71026.4832271897,5976992.0,0.020136884907993854,0.020130192578474256
Estonia,2016,19307,19291,38598,Estonia,Estonia,18666.3736521706,1315790.0,0.014661154135538345,0.014673314130674348
Estonia,2017,21688,21687,43375,Estonia,Estonia,20851.5223496861,1317384.0,0.016462170483321492,0.016462929563437843
Estonia,2018,23266,23251,46517,Estonia,Estonia,23618.1361254581,1321977.0,0.017588051834487285,0.017599398476675465
Estonia,2019,22774,22760,45534,Estonia,Estonia,24021.2501413306,1326898.0,0.017152787930948724,0.017163338854983577
Estonia,2020,10040,10057,20097,Estonia,Estonia,23933.9939421065,1329522.0,0.007564372759533125,0.007551586209178938
Estonia,2021,11911,11898,23809,Estonia,Estonia,27951.1659277744,1330932.0,0.008939600219996213,0.008949367811428383
Estonia,2022,17746,17744,35490,Estonia,Estonia,28340.3826549406,1348840.0,0.013155007265502209,0.01315649002105513
Estonia,2023,17639,17643,35282,Estonia,Estonia,30264.0064885057,1370286.0,0.012875414329563318,0.012872495230922596
Estonia,2024,20259,20267,40526,Estonia,Estonia,31428.3547816104,1372341.0,0.014768195368352326,0.014762365913428221
Finland,2016,84285,84296,168581,Finland,Finland,43451.2562442158,5495303.0,0.015339645511812543,0.015337643802352663
Finland,2017,88305,88692,176997,Finland,Finland,46085.0174739036,5508214.0,0.016101770918849557,0.016031512210673005
Finland,2018,96245,96249,192494,Finland,Finland,49654.2497035329,5515525.0,0.01745056001015316,0.017449834784540003
Finland,2019,97320,97314,194634,Finland,Finland,48358.1807773701,5521606.0,0.017624220199702768,0.017625306840075152
Finland,2020,36386,36403,72789,Finland,Finland,48828.6846862799,5529543.0,0.006583365026730057,0.006580290631612775
Finland,2021,36134,36162,72296,Finland,Finland,53099.1351400148,5541017.0,0.0065262387753006355,0.006521185551316663
Finland,2022,66355,66346,132701,Finland,Finland,50440.560224974,5556106.0,0.011941096876121514,0.011942716715627815
Finland,2023,70933,70925,141858,Finland,Finland,52834.2916752703,5583911.0,0.012701670925629007,0.012703103613220197
Finland,2024,76579,76571,153150,Finland,Finland,53149.7671934051,5619911.0,0.01362494886484857,0.013626372374936187
France,2016,904860,905535,1810395,France,France,37024.2157133669,66724104.0,0.01357133248278613,0.013561216198571958
France,2017,918431,919011,1837442,France,France,38687.1626407164,66918020.0,0.013733386014708743,0.013724718693111362
France,2018,927668,928363,1856031,France,France,41418.1766484844,67158348.0,0.013823493692846644,0.013813145016610594
France,2019,938324,938925,1877249,France,France,40408.2848574751,67382061.0,0.013934346709875794,0.013925427421995894
France,2020,440871,441829,882700,France,France,39169.8606000707,67601110.0,0.006535824633648767,0.00652165326871112
France,2021,561439,562675,1124114,France,France,43725.0999521245,67842811.0,0.008293804335436514,0.00827558575071425
France,2022,798963,800849,1599812,France,France,40988.6396406579,68184457.0,0.011745330757712127,0.011717670494904726
France,2023,840269,842266,1682535,France,France,44700.1384177544,68372286.0,0.012318821693339315,0.012289613952647422
France,2024,852970,854563,1707533,France,France,46103.0840855884,68551653.0,0.012465972191801122,0.012442734240121095
Germany,2016,1007533,1009551,2017084,Germany,Germany,42948.9381932694,82348669.0,0.01225946954892495,0.012234963991949888
Germany,2017,1023340,1025506,2048846,Germany,Germany,45553.9341495339,82657002.0,0.012406765007034734,0.012380560330508963
Germany,2018,1063669,1066167,2129836,Germany,Germany,48916.1686612154,82905782.0,0.012859983637811895,0.012829853049332554
Germany,2019,1063232,1065455,2128687,Germany,Germany,47656.199739747,83092962.0,0.012822445780666719,0.01279569261232979
Germany,2020,436593,438869,875462,Germany,Germany,47394.8734504469,83160871.0,0.005277349728576075,0.005249981087860419
Germany,2021,483557,485978,969535,Germany,Germany,52349.2459994422,83196078.0,0.005841357088972391,0.005812257159526198
Germany,2022,740326,742813,1483139,Germany,Germany,50506.5179638543,83177813.0,0.008930422347122784,0.00890052254679983
Germany,2023,797702,799887,1597589,Germany,Germany,54776.7668235491,83287273.0,0.009603952334950382,0.009577717834512363
Germany,2024,829217,831226,1660443,Germany,Germany,56103.7323182554,83516593.0,0.009952824584211668,0.009928769484167056
Greece,2016,220303,220513,440816,Greece,Greece,17919.2426377048,10775971.0,0.020463399539586733,0.020443911736585038
Greece,2017,230253,230318,460571,Greece,Greece,18631.9930129293,10754679.0,0.021415608964247098,0.02140956508325353
Greece,2018,252129,252282,504411,Greece,Greece,19873.4015238771,10732882.0,0.023505522561414537,0.023491267303600284
Greece,2019,254113,254337,508450,Greece,Greece,19335.3602002969,10721582.0,0.023721965657679995,0.023701073218485854
Greece,2020,114567,114992,229559,Greece,Greece,17886.733165236,10698599.0,0.010748323215030305,0.010708598387508496
Greece,2021,185329,185451,370780,Greece,Greece,20654.7001960815,10569207.0,0.017546349503799102,0.017534806537519796
Greece,2022,254805,255002,509807,Greece,Greece,20886.5243087629,10436882.0,0.02443277599574279,0.02441390062664309
Greece,2023,274734,274837,549571,Greece,Greece,23343.7103964562,10407351.0,0.026407968752086865,0.026398071901293615
Greece,2024,296495,296743,593238,Greece,Greece,24626.1481858973,10405134.0,0.0285189023034206,0.028495067915511707
Hungary,2016,47894,47849,95743,Hungary,Hungary,13215.8605277789,9759755.0,0.004902684544847693,0.004907295316327101
Hungary,2017,51130,51136,102266,Hungary,Hungary,14736.1668157258,9726756.0,0.005257251235663771,0.005256634380465594
Hungary,2018,57264,57210,114474,Hungary,Hungary,16605.0570511887,9706964.0,0.0058937068273870186,0.00589926984379462
Hungary,2019,61080,61052,122132,Hungary,Hungary,17012.8598553199,9694824.0,0.006297380952970368,0.0063002690920433415
Hungary,2020,23873,23897,47770,Hungary,Hungary,16386.9308821258,9670419.0,0.0024711442182598293,0.0024686624230035948
Hungary,2021,27276,27267,54543,Hungary,Hungary,19030.628130329,9630932.0,0.0028311901693418664,0.002832124658340439
Hungary,2022,49013,48969,97982,Hungary,Hungary,18428.028825614,9605074.0,0.0050982428662184175,0.005102823778348819
Hungary,2023,53684,53713,107397,Hungary,Hungary,22230.6277875187,9592186.0,0.00559966205826284,0.005596638764094024
Hungary,2024,63016,63014,126030,Hungary,Hungary,23292.3263882478,9562065.0,0.006589999126757662,0.006590208286599181
Ireland,2016,136978,137080,274058,Ireland,Ireland,64129.5571542383,4762722.0,0.02878186045710835,0.028760444132577966
Ireland,2017,141666,141708,283374,Ireland,Ireland,72161.4047531385,4827445.0,0.029354658623764743,0.0293459583692823
Ireland,2018,146983,146978,293961,Ireland,Ireland,80804.1123164826,4898022.0,0.03000762348556213,0.030008644305803446
Ireland,2019,150552,150572,301124,Ireland,Ireland,81827.6688873996,4976456.0,0.030256873566248753,0.030252854641937957
Ireland,2020,57191,57292,114483,Ireland,Ireland,86514.0706108754,5039747.0,0.011368030974570746,0.01134799028602031
Ireland,2021,58394,58399,116793,Ireland,Ireland,103783.446284479,5110585.0,0.011427067547061638,0.011426089185484637
Ireland,2022,132435,132489,264924,Ireland,Ireland,105190.685952731,5212836.0,0.02541591563594174,0.025405556591460005
Ireland,2023,150146,150195,300341,Ireland,Ireland,106818.917130804,5311538.0,0.02827712048751228,0.028267895287579604
Ireland,2024,151654,151711,303365,Ireland,Ireland,112894.953240805,5395790.0,0.028116550125190196,0.028105986333789863
Italy,2016,565693,565595,1131288,Italy,Italy,31391.5692898108,60115223.0,0.009408515377211525,0.009410145579930727
Italy,2017,580698,580447,1161145,Italy,Italy,32844.115660604,60002252.0,0.009673753578449022,0.009677936754773804
Italy,2018,601954,601789,1203743,Italy,Italy,34904.1081923834,60148658.0,0.010005027876099913,0.010007771079447857
Italy,2019,615992,615777,1231769,Italy,Italy,33812.788724868,59729081.0,0.010309500660155813,0.010313100246762545
Italy,2020,240096,240438,480534,Italy,Italy,32091.4866621366,59438851.0,0.004045132029890685,0.004039378217455785
Italy,2021,339203,339902,679105,Italy,Italy,36852.5425414951,59133173.0,0.005748076464626716,0.005736255688494849
Italy,2022,556943,557556,1114499,Italy,Italy,35653.9042103495,59013667.0,0.00944791314188288,0.009437525717559628
Italy,2023,616436,616963,1233399,Italy,Italy,39277.0838783918,58984216.0,0.01045979826196215,0.010450863668341375
Italy,2024,665659,666489,1332148,Italy,Italy,40385.3413957669,58952704.0,0.011305486513392159,0.011291407430607425
Latvia,2016,33867,33925,67792,Latvia,Latvia,13838.5266823272,1959537.0,0.01731276316803408,0.017283164339331178
Latvia,2017,37347,37377,74724,Latvia,Latvia,15132.4958333982,1942248.0,0.01924419538596513,0.01922874936671321
Latvia,2018,41725,41758,83483,Latvia,Latvia,17252.1710428626,1927174.0,0.02166799676624944,0.02165087324756353
Latvia,2019,43769,43776,87545,Latvia,Latvia,17294.9751600969,1913822.0,0.02287360057518411,0.022869942972752952
Latvia,2020,17898,17898,35796,Latvia,Latvia,17564.2321549354,1900449.0,0.009417774431200206,0.009417774431200206
Latvia,2021,19516,19514,39030,Latvia,Latvia,20261.8887788916,1884490.0,0.010355056275172593,0.010356117570271002
Latvia,2022,27866,27878,55744,Latvia,Latvia,20221.103686109,1879383.0,0.014833591662795716,0.014827206588545283
Latvia,2023,30820,30847,61667,Latvia,Latvia,22710.2637544197,1883710.0,0.01637566292051324,0.016361329504010702
Latvia,2024,31817,31817,63634,Latvia,Latvia,23409.0845154775,1866124.0,0.017049778042616676,0.017049778042616676
Lithuania,2016,26566,26561,53127,Lithuania,Lithuania,14934.2702840428,2877325.0,0.009231143510031018,0.009232881235175032
Lithuania,2017,27987,28004,55991,Lithuania,Lithuania,16800.1510246099,2842639.0,0.009851409201097994,0.009845428842705669
Lithuania,2018,30872,30907,61779,Lithuania,Lithuania,19247.2315367967,2819200.0,0.010963039160045403,0.010950624290578888
Lithuania,2019,31643,31695,63338,Lithuania,Lithuania,19608.7943945553,2811089.0,0.011274989870473685,0.011256491701258836
Lithuania,2020,15517,15599,31116,Lithuania,Lithuania,20428.6478157394,2810369.0,0.005550516675924051,0.005521339012777325
Lithuania,2021,17385,17395,34780,Lithuania,Lithuania,23870.4594851722,2808380.0,0.006193962355521688,0.006190401583831248
Lithuania,2022,26595,26586,53181,Lithuania,Lithuania,25085.784063499,2831639.0,0.009388908685040713,0.009392087056294959
Lithuania,2023,27557,27562,55119,Lithuania,Lithuania,27786.0057829276,2871585.0,0.009598183581541204,0.009596442382865212
Lithuania,2024,29751,29752,59503,Lithuania,Lithuania,29384.0189598663,2888278.0,0.010300947484972015,0.010300601257912155
Luxembourg,2016,32762,32790,65552,Luxembourg,Luxembourg,106899.293549552,582014.0,0.0563388509554753,0.05629074214709612
Luxembourg,2017,35299,35368,70667,Luxembourg,Luxembourg,110193.213797228,596336.0,0.05930884601969359,0.05919313943816908
Luxembourg,2018,37406,37469,74875,Luxembourg,Luxembourg,116926.759593905,607950.0,0.06163171313430381,0.061528086191298625
Luxembourg,2019,38116,38184,76300,Luxembourg,Luxembourg,112696.649059674,620001.0,0.06158699744032671,0.061477320197870645
Luxembourg,2020,20148,20187,40335,Luxembourg,Luxembourg,116860.02817236,630419.0,0.032021560263887985,0.0319596966461988
Luxembourg,2021,23836,23848,47684,Luxembourg,Luxembourg,134965.815442152,640064.0,0.03725877412258774,0.03724002599740026
Luxembourg,2022,34869,34926,69795,Luxembourg,Luxembourg,123719.658915996,653103.0,0.053477016642091674,0.053389740975007004
Luxembourg,2023,36009,36022,72031,Luxembourg,Luxembourg,133230.619178899,666430.0,0.05405218852692706,0.054032681601968696
Luxembourg,2024,35949,35975,71924,Luxembourg,Luxembourg,137781.681659123,677012.0,0.053137905975078725,0.05309950192906477
Malta,2016,22210,22292,44502,Malta,Malta,26459.0770929988,454505.0,0.04904676516209943,0.04886634910507035
Malta,2017,25410,25379,50789,Malta,Malta,30317.2443175543,467106.0,0.05433242133477198,0.0543987874272649
Malta,2018,28420,28248,56668,Malta,Malta,33382.2677499267,483903.0,0.05837533555278641,0.05873077868911745
Malta,2019,29286,28895,58181,Malta,Malta,32421.9179752262,503912.0,0.05734136119004905,0.05811729032053216
Malta,2020,12217,12090,24307,Malta,Malta,31823.4363934505,515490.0,0.023453413257289182,0.02369978079109197
Malta,2021,16274,16225,32499,Malta,Malta,38096.8360735119,518150.0,0.03131332625687542,0.03140789346714272
Malta,2022,24216,24260,48476,Malta,Malta,35638.8869457406,531113.0,0.0456776618158471,0.04559481692219923
Malta,2023,29579,29617,59196,Malta,Malta,40905.8059585057,552747.0,0.05358147579272253,0.053512728246376734
Malta,2024,33487,33496,66983,Malta,Malta,43898.5781808597,568847.0,0.05888402329624662,0.05886820181876673
Netherlands,2016,266778,266854,533632,Netherlands,Netherlands,46808.5291492503,17030314.0,0.015669352896253118,0.015664890265675666
Netherlands,2017,274602,274745,549347,Netherlands,Netherlands,49513.6817346384,17131296.0,0.016037607429116862,0.01602926013303372
Netherlands,2018,280073,280094,560167,Netherlands,Netherlands,53955.0770024266,17231624.0,0.016254649010447302,0.01625343032090301
Netherlands,2019,279091,279035,558126,Netherlands,Netherlands,53554.9007491475,17344874.0,0.01608746192102635,0.01609069054061736
Netherlands,2020,132898,133045,265943,Netherlands,Netherlands,53467.9277413737,17441500.0,0.0076280709801335896,0.007619642805951323
Netherlands,2021,156844,156892,313736,Netherlands,Netherlands,60141.9880911492,17533044.0,0.008948360592718526,0.008945622904955921
Netherlands,2022,232914,232961,465875,Netherlands,Netherlands,59123.318556487,17700982.0,0.013160908247915284,0.013158253027995849
Netherlands,2023,251203,251347,502550,Netherlands,Netherlands,63515.6030780019,17877117.0,0.014059705488306644,0.014051650498231903
Netherlands,2024,266423,266442,532865,Netherlands,Netherlands,67520.4218956281,17993485.0,0.014807692895511903,0.014806636957765547
Poland,2016,177172,177216,354388,Poland,Poland,12464.0110508476,37970087.0,0.004667252935185532,0.00466609412825417
Poland,2017,193048,193103,386151,Poland,Poland,13913.3402919927,37974826.0,0.005085026591036915,0.0050835782631367425
Poland,2018,214235,214268,428503,Poland,Poland,15658.2120316794,37974750.0,0.00564238079250028,0.005641511794021027
Poland,2019,221768,221911,443679,Poland,Poland,15874.5220531254,37965475.0,0.0058450737150002735,0.005841307134969337
Poland,2020,97122,97281,194403,Poland,Poland,16150.9304813473,37515748.0,0.002593071048456771,0.002588832828283205
Poland,2021,118961,119163,238124,Poland,Poland,18635.5104895754,36981559.0,0.0032222275972735494,0.0032167654154331353
Poland,2022,191222,191257,382479,Poland,Poland,18891.2121169279,36821749.0,0.005194131327113223,0.0051931808019222555
Poland,2023,216283,216252,432535,Poland,Poland,22145.2660647429,36687353.0,0.005894456326680205,0.005895301304512212
Poland,2024,238406,238488,476894,Poland,Poland,25103.565661423,36559233.0,0.006523331602717158,0.006521088667259513
Portugal,2016,185434,185384,370818,Portugal,Portugal,19980.2808866516,10325452.0,0.017954080847986123,0.01795892325101119
Portugal,2017,205488,205518,411006,Portugal,Portugal,21442.3842768879,10300300.0,0.01995262273914352,0.019949710202615458
Portugal,2018,215936,215953,431889,Portugal,Portugal,23541.1401075289,10283822.0,0.020999293842308822,0.020997640760409893
Portugal,2019,221350,221235,442585,Portugal,Portugal,23343.3628970034,10286263.0,0.021507810951362998,0.02151899091049879
Portugal,2020,96945,96687,193632,Portugal,Portugal,22299.4044062173,10297081.0,0.009389748415109098,0.009414804059519392
Portugal,2021,127859,127758,255617,Portugal,Portugal,24711.4510062111,10361831.0,0.012329674166660313,0.012339421478694258
Portugal,2022,213114,212977,426091,Portugal,Portugal,24620.5197587181,10434332.0,0.020411177256004505,0.020424306989656835
Portugal,2023,237204,237090,474294,Portugal,Portugal,27634.6183139773,10578174.0,0.02241313103754958,0.02242390794479274
Portugal,2024,241017,240946,481963,Portugal,Portugal,29292.242104753,10694681.0,0.02252951724319781,0.02253615605738965
Romania,2016,55567,55519,111086,Romania,Romania,9404.54005870715,19702267.0,0.0028178990772990743,0.0028203353451661172
Romania,2017,60111,60052,120163,Romania,Romania,10727.9822007426,19588715.0,0.0030656426416944653,0.003068654579945647
Romania,2018,63748,63666,127414,Romania,Romania,12416.134317959,19473970.0,0.003269287156137141,0.0032734979051523647
Romania,2019,64478,64541,129019,Romania,Romania,12909.6104013244,19371648.0,0.0033317247969816507,0.0033284726214310727
Romania,2020,28311,28345,56656,Romania,Romania,13009.1770573223,19265250.0,0.0014713019555936207,0.0014695371199439406
Romania,2021,38813,38824,77637,Romania,Romania,14907.9803652143,19122059.0,0.0020303252908068113,0.0020297500389471657
Romania,2022,53950,53957,107907,Romania,Romania,15503.551804598,19048502.0,0.002832611194308088,0.0028322437113427607
Romania,2023,58880,58909,117789,Romania,Romania,18244.4186876321,19061062.0,0.003090541335000117,0.003089019908754297
Romania,2024,62299,62328,124627,Romania,Romania,20080.2096215595,19051804.0,0.0032715012184672907,0.003269979052902287
Slovakia,2016,10455,10496,20951,Slovak Republic,Slovak Republic,16636.0769133073,5430798.0,0.0019326809798486336,0.0019251314447711
Slovakia,2017,11084,11126,22210,Slovak Republic,Slovak Republic,17645.5298716761,5439232.0,0.0020455093660281453,0.002037787687673554
Slovakia,2018,11941,11965,23906,Slovak Republic,Slovak Republic,19573.3717031314,5446771.0,0.0021967143469038813,0.0021923080665590677
Slovakia,2019,11272,11321,22593,Slovak Republic,Slovak Republic,19406.0589683582,5454147.0,0.0020756682942355605,0.0020666843046217858
Slovakia,2020,4505,4548,9053,Slovak Republic,Slovak Republic,19735.4858280801,5458827.0,0.0008331460220300076,0.0008252688718656957
Slovakia,2021,5484,5496,10980,Slovak Republic,Slovak Republic,22123.3342114545,5447247.0,0.0010089500255817297,0.001006747077927621
Slovakia,2022,8589,8597,17186,Slovak Republic,Slovak Republic,21317.7943982363,5431752.0,0.0015827305812194665,0.0015812577599271837
Slovakia,2023,9672,9710,19382,Slovak Republic,Slovak Republic,24614.8734642794,5426740.0,0.001789287859746367,0.0017822854973704287
Slovakia,2024,10423,10424,20847,Slovak Republic,Slovak Republic,25992.6748502048,5422069.0,0.0019225133431536928,0.0019223289117124846
Slovenia,2016,15112,15170,30282,Slovenia,Slovenia,21447.8377796036,2065042.0,0.00734609756121183,0.007318010965394408
Slovenia,2017,16890,16962,33852,Slovenia,Slovenia,23303.077705959,2066388.0,0.008208526181917433,0.008173682773999848
Slovenia,2018,17705,17773,35478,Slovenia,Slovenia,25888.0481065655,2073894.0,0.008569869048273442,0.008537080487238016
Slovenia,2019,16026,16076,32102,Slovenia,Slovenia,25814.1687167572,2088385.0,0.00769781433978888,0.007673872394218499
Slovenia,2020,6540,6619,13159,Slovenia,Slovenia,25392.0651093612,2102419.0,0.003148278245202312,0.0031107024812846535
Slovenia,2021,8457,8507,16964,Slovenia,Slovenia,29192.8401933019,2108079.0,0.00403542751481325,0.004011709238600641
Slovenia,2022,10756,10796,21552,Slovenia,Slovenia,28360.3041467268,2112076.0,0.005111558485584799,0.005092619773152103
Slovenia,2023,11753,11748,23501,Slovenia,Slovenia,32660.4753581346,2120461.0,0.005540304679029702,0.005542662656846789
Slovenia,2024,12572,12582,25154,Slovenia,Slovenia,34301.0318686594,2127400.0,0.005914261539907869,0.005909560966437906
Spain,2016,927670,927443,1855113,Spain,Spain,26755.6061149398,46458139.0,0.01996298215905721,0.019967868278150357
Spain,2017,980831,980719,1961550,Spain,Spain,28381.3425596906,46571232.0,0.021058472320423047,0.021060877238549325
Spain,2018,1036001,1036031,2072032,Spain,Spain,30602.4212881113,46782011.0,0.02214592698890178,0.022145285716768354
Spain,2019,1059104,1058898,2118002,Spain,Spain,29786.5245689007,47118501.0,0.022473083343631836,0.022477455299352585
Spain,2020,447505,447367,894872,Spain,Spain,27233.9426461608,47359424.0,0.009446208636321252,0.009449122523111768
Spain,2021,627167,627283,1254450,Spain,Spain,30799.4775937775,47443821.0,0.013221595284241546,0.01321915028724183
Spain,2022,977050,977094,1954144,Spain,Spain,30319.4987196616,47786102.0,0.0204472421709559,0.020446321401147136
Spain,2023,1061549,1061570,2123119,Spain,Spain,33493.2225409111,48352528.0,0.02195479830961475,0.021954363999334224
Spain,2024,1141513,1141644,2283157,Spain,Spain,35326.7683069278,48848840.0,0.02337095415162366,0.023368272409334593
Sweden,2016,178945,179028,357973,Sweden,Sweden,51703.5088332851,9923085.0,0.018041566710352678,0.018033202376075586
Sweden,2017,187353,187407,374760,Sweden,Sweden,53210.2233318965,10057698.0,0.018633190219073986,0.018627821197256072
Sweden,2018,185382,185466,370848,Sweden,Sweden,54018.4554391861,10175214.0,0.01822723335351964,0.018218977998890246
Sweden,2019,177028,177042,354070,Sweden,Sweden,51648.9892820514,10278887.0,0.01722384923581707,0.017222487220649473
Sweden,2020,64418,64391,128809,Sweden,Sweden,52568.5726980146,10353442.0,0.006219284369391358,0.006221892197783114
Sweden,2021,70249,70271,140520,Sweden,Sweden,60647.5416365347,10415811.0,0.006746570190261709,0.006744458016759328
Sweden,2022,125348,125363,250711,Sweden,Sweden,54836.8907235124,10486941.0,0.011954200943821464,0.011952770593445695
Sweden,2023,137253,137291,274544,Sweden,Sweden,54950.2834725622,10536632.0,0.013029875201107906,0.013026268735588374
Sweden,2024,136124,136133,272257,Sweden,Sweden,57117.4877440616,10569709.0,0.012879540959926144,0.01287868947006961
